{"cameraMode":{"drawMode":0,"name":"Shaded","section":"Shading Mode"},"sceneLighting":false,"audioPlay":false,"sceneViewState":{"showFog":true,"showMaterialUpdate":false,"showSkybox":true,"showFlares":true,"showImageEffects":true,"showParticleSystems":true},"in2DMode":false,"pivot":{"x":388.44366455078127,"y":36.95867919921875,"z":29.3690185546875},"rotation":{"x":0.0037813480012118818,"y":0.995966911315918,"z":-0.0736456960439682,"w":0.05113890394568443},"size":1495.966552734375,"orthographic":false}